<templateFileSet xmlns:xsi="http://www.w3.org/2001/XMLSchema-instance" xmlns:xsd="http://www.w3.org/2001/XMLSchema" xmlns="http://schemas.openehr.org/v1">
   <cid>1175.132.9048</cid>
   <versionAsset>1</versionAsset>
   <templateName>Mock OS Two</templateName>
   <templateId>9bec576b-3c8f-4529-a19d-c06e0d5def5c</templateId>
   <rootArchetypeId>openEHR-EHR-SECTION.adhoc.v1</rootArchetypeId>
   <creationTime>24-Oct-2018</creationTime>
   <modificationTime>24-Oct-2018</modificationTime>
   <directLink>https://ahsckm.ca/ckm/#showTemplate_1175.132.9048_1</directLink>
   <logMessage>Initial upload for testing.</logMessage>
   <ckmResource>
      <cid>1175.132.2522</cid>
      <versionAsset>2</versionAsset>
      <resourceMainId>d16607fb-7d91-4aba-8506-9d61b74862b9</resourceMainId>
      <resourceMainDisplayName>LAB Chemistry - Glucose, Random Order</resourceMainDisplayName>
      <resourceType>TEMPLATE</resourceType>
      <creationTime>2018-06-04T20:11:22-0600</creationTime>
      <modificationTime>2018-10-23T11:51:06-0600</modificationTime>
      <directLink>https://ahsckm.ca/ckm/#showTemplate_1175.132.2522_2</directLink>
   </ckmResource>
   <ckmResource>
      <cid>1175.132.2668</cid>
      <versionAsset>2</versionAsset>
      <resourceMainId>76da420d-62c9-455b-a287-2fb9bd06e5b1</resourceMainId>
      <resourceMainDisplayName>LAB Chemistry - Sodium Order</resourceMainDisplayName>
      <resourceType>TEMPLATE</resourceType>
      <creationTime>2018-06-04T20:21:24-0600</creationTime>
      <modificationTime>2018-10-24T09:22:47-0600</modificationTime>
      <directLink>https://ahsckm.ca/ckm/#showTemplate_1175.132.2668_2</directLink>
   </ckmResource>
   <ckmResource>
      <cid>1175.132.2429</cid>
      <versionAsset>3</versionAsset>
      <resourceMainId>a306577a-51f3-416c-9347-44afe038f268</resourceMainId>
      <resourceMainDisplayName>LAB Chemistry - Chloride Order</resourceMainDisplayName>
      <resourceType>TEMPLATE</resourceType>
      <creationTime>2018-06-04T20:05:35-0600</creationTime>
      <modificationTime>2018-10-24T09:05:15-0600</modificationTime>
      <directLink>https://ahsckm.ca/ckm/#showTemplate_1175.132.2429_3</directLink>
   </ckmResource>
   <ckmResource>
      <cid>1175.132.2509</cid>
      <versionAsset>2</versionAsset>
      <resourceMainId>17e54283-e03f-4de5-8d3e-fb84e169ae97</resourceMainId>
      <resourceMainDisplayName>LAB Chemistry - Gamma Glutamyl Transferase (GGT) Order</resourceMainDisplayName>
      <resourceType>TEMPLATE</resourceType>
      <creationTime>2018-06-04T20:10:31-0600</creationTime>
      <modificationTime>2018-10-24T09:21:36-0600</modificationTime>
      <directLink>https://ahsckm.ca/ckm/#showTemplate_1175.132.2509_2</directLink>
   </ckmResource>
   <ckmResource>
      <cid>1175.132.2709</cid>
      <versionAsset>2</versionAsset>
      <resourceMainId>00b32faf-b483-446e-8cb4-6e691bf83b1d</resourceMainId>
      <resourceMainDisplayName>LAB Chemistry - Urea  Order</resourceMainDisplayName>
      <resourceType>TEMPLATE</resourceType>
      <creationTime>2018-06-04T20:24:15-0600</creationTime>
      <modificationTime>2018-10-24T09:19:30-0600</modificationTime>
      <directLink>https://ahsckm.ca/ckm/#showTemplate_1175.132.2709_2</directLink>
   </ckmResource>
   <ckmResource>
      <cid>1175.132.9022</cid>
      <versionAsset>1</versionAsset>
      <resourceMainId>143c5d69-6f3a-4e9a-b4e9-7d70c43fe089</resourceMainId>
      <resourceMainDisplayName>Patient Care Orders - Check Temperature</resourceMainDisplayName>
      <resourceType>TEMPLATE</resourceType>
      <creationTime>2018-10-23T10:03:04-0600</creationTime>
      <modificationTime>2018-10-23T10:03:04-0600</modificationTime>
      <directLink>https://ahsckm.ca/ckm/#showTemplate_1175.132.9022_1</directLink>
   </ckmResource>
   <ckmResource>
      <cid>1175.132.9023</cid>
      <versionAsset>1</versionAsset>
      <resourceMainId>86876fe1-d9cc-4d22-8204-12726db4d7ee</resourceMainId>
      <resourceMainDisplayName>Patient Care Orders - Measure Blood Pressure</resourceMainDisplayName>
      <resourceType>TEMPLATE</resourceType>
      <creationTime>2018-10-23T10:05:54-0600</creationTime>
      <modificationTime>2018-10-23T10:05:54-0600</modificationTime>
      <directLink>https://ahsckm.ca/ckm/#showTemplate_1175.132.9023_1</directLink>
   </ckmResource>
   <ckmResource>
      <cid>1175.132.9045</cid>
      <versionAsset>1</versionAsset>
      <resourceMainId>9cfdca4e-357e-4d18-a9f1-0b90b13f9976</resourceMainId>
      <resourceMainDisplayName>Chemistry Orders Group</resourceMainDisplayName>
      <resourceType>TEMPLATE</resourceType>
      <creationTime>2018-10-24T09:33:53-0600</creationTime>
      <modificationTime>2018-10-24T09:33:53-0600</modificationTime>
      <directLink>https://ahsckm.ca/ckm/#showTemplate_1175.132.9045_1</directLink>
   </ckmResource>
   <ckmResource>
      <cid>1175.132.9024</cid>
      <versionAsset>1</versionAsset>
      <resourceMainId>49217ee8-2387-48ca-a9e6-c4d243bf9add</resourceMainId>
      <resourceMainDisplayName>Isolation: contact precautions</resourceMainDisplayName>
      <resourceType>TEMPLATE</resourceType>
      <creationTime>2018-10-23T10:07:10-0600</creationTime>
      <modificationTime>2018-10-23T10:07:10-0600</modificationTime>
      <directLink>https://ahsckm.ca/ckm/#showTemplate_1175.132.9024_1</directLink>
   </ckmResource>
   <ckmResource>
      <cid>1175.132.9046</cid>
      <versionAsset>1</versionAsset>
      <resourceMainId>80ac29a4-dd94-4109-8cb3-cf3272785074</resourceMainId>
      <resourceMainDisplayName>Care Panel</resourceMainDisplayName>
      <resourceType>TEMPLATE</resourceType>
      <creationTime>2018-10-24T09:36:57-0600</creationTime>
      <modificationTime>2018-10-24T09:36:57-0600</modificationTime>
      <directLink>https://ahsckm.ca/ckm/#showTemplate_1175.132.9046_1</directLink>
   </ckmResource>
   <ckmResource>
      <cid>1175.132.9020</cid>
      <versionAsset>1</versionAsset>
      <resourceMainId>0f594472-2d8b-4124-b961-23b4d9817294</resourceMainId>
      <resourceMainDisplayName>NFS _____  Diet Order</resourceMainDisplayName>
      <resourceType>TEMPLATE</resourceType>
      <creationTime>2018-10-23T09:58:27-0600</creationTime>
      <modificationTime>2018-10-23T09:58:27-0600</modificationTime>
      <directLink>https://ahsckm.ca/ckm/#showTemplate_1175.132.9020_1</directLink>
   </ckmResource>
   <ckmResource>
      <cid>1175.132.9042</cid>
      <versionAsset>1</versionAsset>
      <resourceMainId>bedc25f2-6d20-4827-b966-8510631639f2</resourceMainId>
      <resourceMainDisplayName>Diet Orders Group</resourceMainDisplayName>
      <resourceType>TEMPLATE</resourceType>
      <creationTime>2018-10-24T08:27:41-0600</creationTime>
      <modificationTime>2018-10-24T08:27:41-0600</modificationTime>
      <directLink>https://ahsckm.ca/ckm/#showTemplate_1175.132.9042_1</directLink>
   </ckmResource>
   <ckmResource>
      <cid>1175.132.9043</cid>
      <versionAsset>1</versionAsset>
      <resourceMainId>89a6476f-6a69-43bd-ad23-2283bf9ca774</resourceMainId>
      <resourceMainDisplayName>Patient Care Orders Group</resourceMainDisplayName>
      <resourceType>TEMPLATE</resourceType>
      <creationTime>2018-10-24T08:28:16-0600</creationTime>
      <modificationTime>2018-10-24T08:28:16-0600</modificationTime>
      <directLink>https://ahsckm.ca/ckm/#showTemplate_1175.132.9043_1</directLink>
   </ckmResource>
   <ckmResource>
      <cid>1175.132.9021</cid>
      <versionAsset>1</versionAsset>
      <resourceMainId>1a4bee5e-9b2d-46ca-a0ab-eab280555c76</resourceMainId>
      <resourceMainDisplayName>Patient Care Orders - Check Respiratory Rate</resourceMainDisplayName>
      <resourceType>TEMPLATE</resourceType>
      <creationTime>2018-10-23T10:02:33-0600</creationTime>
      <modificationTime>2018-10-23T10:02:33-0600</modificationTime>
      <directLink>https://ahsckm.ca/ckm/#showTemplate_1175.132.9021_1</directLink>
   </ckmResource>
   <ckmResource>
      <cid>1175.132.2292</cid>
      <versionAsset>2</versionAsset>
      <resourceMainId>f071ef33-9e25-44af-a43b-b00e8b931b76</resourceMainId>
      <resourceMainDisplayName>LAB Chemistry - Alanine Aminotransferase (ALT) Order</resourceMainDisplayName>
      <resourceType>TEMPLATE</resourceType>
      <creationTime>2018-06-04T19:57:28-0600</creationTime>
      <modificationTime>2018-10-24T09:10:07-0600</modificationTime>
      <directLink>https://ahsckm.ca/ckm/#showTemplate_1175.132.2292_2</directLink>
   </ckmResource>
   <ckmResource>
      <cid>1175.132.2471</cid>
      <versionAsset>2</versionAsset>
      <resourceMainId>466ee372-c58e-42e4-9c68-9cf155ee204e</resourceMainId>
      <resourceMainDisplayName>LAB Chemistry - Creatinine Order</resourceMainDisplayName>
      <resourceType>TEMPLATE</resourceType>
      <creationTime>2018-06-04T20:08:05-0600</creationTime>
      <modificationTime>2018-10-24T09:21:09-0600</modificationTime>
      <directLink>https://ahsckm.ca/ckm/#showTemplate_1175.132.2471_2</directLink>
   </ckmResource>
   <ckmResource>
      <cid>1175.132.2295</cid>
      <versionAsset>2</versionAsset>
      <resourceMainId>c41c7bcb-4d0e-42c1-bbec-22184a129e21</resourceMainId>
      <resourceMainDisplayName>LAB Chemistry - Albumin  Order</resourceMainDisplayName>
      <resourceType>TEMPLATE</resourceType>
      <creationTime>2018-06-04T19:57:36-0600</creationTime>
      <modificationTime>2018-10-24T09:18:41-0600</modificationTime>
      <directLink>https://ahsckm.ca/ckm/#showTemplate_1175.132.2295_2</directLink>
   </ckmResource>
   <ckmResource>
      <cid>1175.132.2633</cid>
      <versionAsset>2</versionAsset>
      <resourceMainId>60e6b7db-2f65-470c-b234-0d50c970adfb</resourceMainId>
      <resourceMainDisplayName>LAB Chemistry - Potassium Order</resourceMainDisplayName>
      <resourceType>TEMPLATE</resourceType>
      <creationTime>2018-06-04T20:19:02-0600</creationTime>
      <modificationTime>2018-10-24T09:22:15-0600</modificationTime>
      <directLink>https://ahsckm.ca/ckm/#showTemplate_1175.132.2633_2</directLink>
   </ckmResource>
   <ckmResource>
      <cid>1175.132.2558</cid>
      <versionAsset>2</versionAsset>
      <resourceMainId>5032cf00-c7b3-4fc8-b1b3-47802c1174f5</resourceMainId>
      <resourceMainDisplayName>LAB Chemistry - Lactate Order</resourceMainDisplayName>
      <resourceType>TEMPLATE</resourceType>
      <creationTime>2018-06-04T20:13:58-0600</creationTime>
      <modificationTime>2018-10-24T09:08:30-0600</modificationTime>
      <directLink>https://ahsckm.ca/ckm/#showTemplate_1175.132.2558_2</directLink>
   </ckmResource>
   <ckmResource>
      <cid>1175.132.2416</cid>
      <versionAsset>2</versionAsset>
      <resourceMainId>5aeb3f22-1fbd-44cf-82bf-5b74fab1fc75</resourceMainId>
      <resourceMainDisplayName>LAB Chemistry - Carbon dioxide Order</resourceMainDisplayName>
      <resourceType>TEMPLATE</resourceType>
      <creationTime>2018-06-04T20:04:48-0600</creationTime>
      <modificationTime>2018-10-24T09:02:49-0600</modificationTime>
      <directLink>https://ahsckm.ca/ckm/#showTemplate_1175.132.2416_2</directLink>
   </ckmResource>
   <ckmResource>
      <cid>1175.132.487</cid>
      <versionAsset>1</versionAsset>
      <resourceMainId>9c1d2a2a-af13-4901-990f-ccab7110879d</resourceMainId>
      <resourceMainDisplayName>Goals of Care Designation C1</resourceMainDisplayName>
      <resourceType>TEMPLATE</resourceType>
      <creationTime>2018-01-09T09:16:40-0700</creationTime>
      <modificationTime>2018-01-09T09:16:40-0700</modificationTime>
      <directLink>https://ahsckm.ca/ckm/#showTemplate_1175.132.487_1</directLink>
   </ckmResource>
   <ckmResource>
      <cid>1175.132.9019</cid>
      <versionAsset>1</versionAsset>
      <resourceMainId>2ca5648f-868f-4f6d-b715-fcde9ed35193</resourceMainId>
      <resourceMainDisplayName>NFS Regular Diet Order</resourceMainDisplayName>
      <resourceType>TEMPLATE</resourceType>
      <creationTime>2018-10-23T09:57:30-0600</creationTime>
      <modificationTime>2018-10-23T09:57:30-0600</modificationTime>
      <directLink>https://ahsckm.ca/ckm/#showTemplate_1175.132.9019_1</directLink>
   </ckmResource>
   <ckmResource>
      <cid>1175.132.2386</cid>
      <versionAsset>2</versionAsset>
      <resourceMainId>99040c6c-e0c1-448d-a368-15e3151f36e3</resourceMainId>
      <resourceMainDisplayName>LAB Chemistry - Bilirubin, Total  Order</resourceMainDisplayName>
      <resourceType>TEMPLATE</resourceType>
      <creationTime>2018-06-04T20:02:56-0600</creationTime>
      <modificationTime>2018-10-24T09:19:06-0600</modificationTime>
      <directLink>https://ahsckm.ca/ckm/#showTemplate_1175.132.2386_2</directLink>
   </ckmResource>
   <ckmResource>
      <cid>1175.132.9016</cid>
      <versionAsset>1</versionAsset>
      <resourceMainId>4a4a7bbc-ff20-4c50-8fa3-e7d7ed29ba12</resourceMainId>
      <resourceMainDisplayName>NFS NPO Order</resourceMainDisplayName>
      <resourceType>TEMPLATE</resourceType>
      <creationTime>2018-10-23T09:44:29-0600</creationTime>
      <modificationTime>2018-10-23T09:44:29-0600</modificationTime>
      <directLink>https://ahsckm.ca/ckm/#showTemplate_1175.132.9016_1</directLink>
   </ckmResource>
   <ckmResource>
      <cid>1175.132.2565</cid>
      <versionAsset>2</versionAsset>
      <resourceMainId>a6339b82-4a00-4113-9619-c55cad88de34</resourceMainId>
      <resourceMainDisplayName>LAB Chemistry - Lipase Order</resourceMainDisplayName>
      <resourceType>TEMPLATE</resourceType>
      <creationTime>2018-06-04T20:14:25-0600</creationTime>
      <modificationTime>2018-10-24T09:26:33-0600</modificationTime>
      <directLink>https://ahsckm.ca/ckm/#showTemplate_1175.132.2565_2</directLink>
   </ckmResource>
   <ckmResource>
      <cid>1175.132.2301</cid>
      <versionAsset>2</versionAsset>
      <resourceMainId>3773541d-09b2-483f-8f48-43c34a895055</resourceMainId>
      <resourceMainDisplayName>LAB Chemistry - Alkaline Phosphatase (ALP) Order</resourceMainDisplayName>
      <resourceType>TEMPLATE</resourceType>
      <creationTime>2018-06-04T19:57:55-0600</creationTime>
      <modificationTime>2018-10-24T09:09:14-0600</modificationTime>
      <directLink>https://ahsckm.ca/ckm/#showTemplate_1175.132.2301_2</directLink>
   </ckmResource>
   <ckmResource>
      <cid>1175.132.9017</cid>
      <versionAsset>1</versionAsset>
      <resourceMainId>e708008b-727c-451f-951d-edee91f921df</resourceMainId>
      <resourceMainDisplayName>NPO – May Have Sips, May Take Meds</resourceMainDisplayName>
      <resourceType>TEMPLATE</resourceType>
      <creationTime>2018-10-23T09:54:30-0600</creationTime>
      <modificationTime>2018-10-23T09:54:30-0600</modificationTime>
      <directLink>https://ahsckm.ca/ckm/#showTemplate_1175.132.9017_1</directLink>
   </ckmResource>
   <ckmResource>
      <cid>1175.132.9018</cid>
      <versionAsset>1</versionAsset>
      <resourceMainId>b0942d50-2e03-469f-8604-d37243adfd10</resourceMainId>
      <resourceMainDisplayName>NFS Clear Fluid Diet Order</resourceMainDisplayName>
      <resourceType>TEMPLATE</resourceType>
      <creationTime>2018-10-23T09:56:04-0600</creationTime>
      <modificationTime>2018-10-23T09:56:04-0600</modificationTime>
      <directLink>https://ahsckm.ca/ckm/#showTemplate_1175.132.9018_1</directLink>
   </ckmResource>
   <ckmResource>
      <cid>1175.108.281</cid>
      <versionAsset>4</versionAsset>
      <resourceMainId>openEHR-EHR-INSTRUCTION.service_request.v1</resourceMainId>
      <resourceMainDisplayName>Service request</resourceMainDisplayName>
      <resourceType>ARCHETYPE</resourceType>
      <creationTime>2018-04-20T11:07:41-0600</creationTime>
      <modificationTime>2018-10-02T10:59:50-0600</modificationTime>
      <directLink>https://ahsckm.ca/ckm/#showArchetype_1175.108.281_4</directLink>
   </ckmResource>
   <ckmResource>
      <cid>1175.108.275</cid>
      <versionAsset>3</versionAsset>
      <resourceMainId>openEHR-EHR-CLUSTER.service_request_information.v1</resourceMainId>
      <resourceMainDisplayName>Service request information</resourceMainDisplayName>
      <resourceType>ARCHETYPE</resourceType>
      <creationTime>2018-03-23T14:21:30-0600</creationTime>
      <modificationTime>2018-04-20T15:34:51-0600</modificationTime>
      <directLink>https://ahsckm.ca/ckm/#showArchetype_1175.108.275_3</directLink>
   </ckmResource>
   <ckmResource>
      <cid>1175.108.59</cid>
      <versionAsset>5</versionAsset>
      <resourceMainId>openEHR-EHR-INSTRUCTION.gcd.v0</resourceMainId>
      <resourceMainDisplayName>Goals of Care Designation</resourceMainDisplayName>
      <resourceType>ARCHETYPE</resourceType>
      <creationTime>2017-03-09T13:24:33-0700</creationTime>
      <modificationTime>2017-07-13T08:15:05-0600</modificationTime>
      <directLink>https://ahsckm.ca/ckm/#showArchetype_1175.108.59_5</directLink>
   </ckmResource>
   <ckmResource>
      <cid>1175.108.90</cid>
      <versionAsset>3</versionAsset>
      <resourceMainId>openEHR-EHR-SECTION.adhoc.v1</resourceMainId>
      <resourceMainDisplayName>Ad hoc heading</resourceMainDisplayName>
      <resourceType>ARCHETYPE</resourceType>
      <creationTime>2017-04-12T20:15:16-0600</creationTime>
      <modificationTime>2018-05-24T09:42:13-0600</modificationTime>
      <directLink>https://ahsckm.ca/ckm/#showArchetype_1175.108.90_3</directLink>
   </ckmResource>
</templateFileSet>